variantGWAS	variant1000GP	LD_r2	LD_Dprime
rs60912143	rs7899301	1.000000	1.000000
rs60912143	rs59991656	0.943489	1.000000
rs60912143	rs58610313	0.940226	1.000000
rs60912143	rs17095973	0.940226	1.000000
rs60912143	rs3753127	0.940226	1.000000
rs60912143	rs61560104	1.000000	1.000000
rs60912143	rs57663418	0.940226	1.000000
rs60912143	rs58968504	0.940226	1.000000
rs60912143	rs363405	1.000000	1.000000
rs60912143	rs363364	0.940226	1.000000
rs60912143	rs58336270	1.000000	1.000000
rs60912143	rs28634565	0.940226	1.000000
rs60912143	rs2532802	0.943489	1.000000
rs60912143	rs363373	1.000000	1.000000
rs12412905	rs2283135	1.000000	1.000000
rs12412905	rs74159130	0.952565	1.000000
rs12412905	rs138394621	0.976761	1.000000
rs12412905	rs7393602	0.952565	1.000000
rs12412905	rs149461310	0.976761	1.000000
rs12412905	rs2283136	0.952988	0.976211
rs12412905	rs78664257	0.952565	1.000000
rs12412905	rs58634906	0.952565	1.000000
rs12412905	rs11568723	0.976761	1.000000
rs12412905	rs2240779	0.976761	1.000000
rs12412905	rs2532805	0.930753	0.976164
rs12412905	rs363400	0.952988	0.976211
rs12412905	rs2299615	0.952988	0.976211
rs12412905	rs363336	0.952988	0.976211
rs12412905	rs363397	0.952988	0.976211
rs12412905	rs7099849	0.976258	1.000000
rs12412905	rs549200915	0.930753	0.976164
rs12412905	rs363387	0.976761	1.000000
rs2652511	rs2550946	0.971745	1.000000
rs2652511	rs2550947	0.971745	1.000000
rs2652511	rs2937640	0.946979	0.975128
rs2652511	rs2617596	0.967298	0.987561
rs2652511	rs2617595	0.991799	0.995891
rs2652511	rs2652509	0.995902	1.000000
rs2652511	rs6860992	0.963843	1.000000
rs2652511	rs1354139	0.971745	1.000000
rs2652511	rs2963238	0.975619	1.000000
rs2652511	rs2617594	0.991818	1.000000
rs2652511	rs2937639	0.975511	0.995833
rs2652511	rs2652510	0.975724	1.000000
rs2652511	rs4639276	0.963843	1.000000
rs2652511	rs2550948	0.971745	1.000000
rs2652511	rs2975223	0.946979	0.975128
rs2652511	rs2975226	0.983738	1.000000
rs2975223	rs2937640	1.000000	1.000000
rs2975223	rs2652509	0.942903	0.971032
rs2975223	rs2550948	0.927343	0.978894
rs2975223	rs1354139	0.919308	0.974644
rs2975223	rs4639276	0.927611	0.983040
rs2975223	rs2652510	0.931250	0.978952
rs2975223	rs2617596	0.914649	0.958340
rs2975223	rs2550946	0.927343	0.978894
rs2975223	rs2617595	0.946980	0.975129
rs2975223	rs6860992	0.927611	0.983040
rs2975223	rs2937639	0.971373	0.991681
rs2975223	rs2617594	0.938843	0.970932
rs2975223	rs2652511	0.946979	0.975128
rs2975223	rs2550947	0.927343	0.978894
rs2975223	rs2963238	0.938901	0.978990
rs2975223	rs2975226	0.931054	0.974853
rs1799732	rs11214612	0.987011	1.000000
rs1799732	rs7116768	0.974890	1.000000
rs1799732	rs10891553	1.000000	1.000000
rs1799732	rs35206875	0.974438	0.987136
rs1799732	rs4936270	0.902149	0.974024
rs1799732	rs10891554	1.000000	1.000000
rs1799732	rs11214613	1.000000	1.000000
rs1799732	rs4936274	0.987163	1.000000
rs1799732	rs4581480	0.961605	0.986970
rs1799732	rs4460839	0.925112	0.974135
rs1799732	rs35826108	0.974438	0.987136
rs11030104	rs36070170	0.948513	0.976731
rs11030104	rs4923463	0.948513	0.976731
rs11030104	rs7103411	0.901896	0.988031
rs11030104	rs4074134	0.931249	0.970624
rs11030104	rs35051342	0.931160	0.976260
rs11030104	rs12575096	0.965515	0.982606
rs11030104	rs36029218	0.931249	0.970624
rs11030104	rs4923464	0.988543	1.000000
rs11030104	rs925947	0.948513	0.976731
rs11030104	rs10767654	0.931249	0.970624
rs11030104	rs2030323	0.901894	0.988030
rs11030104	rs4244531	0.936988	0.970788
rs11030104	rs140138951	0.942604	0.976524
rs11030104	rs7483762	0.936988	0.970788
rs11030104	rs4923457	0.931249	0.970624
rs11030104	rs12419948	0.948513	0.976731
rs11030104	rs10501087	0.948513	0.976731
rs11030104	rs11030099	0.948513	0.976731
rs11030104	rs35038967	0.965515	0.982606
rs11030104	rs11030100	0.948513	0.976731
rs11030104	rs10767664	0.901894	0.988030
rs11030104	rs1829469	0.960095	0.988335
rs11030104	rs4923458	0.936988	0.970788
rs11030104	rs879048	0.931249	0.970624
rs11030104	rs1488830	0.936875	0.976393
rs11030104	rs4923461	0.936988	0.970788
rs11030104	rs4923460	0.936988	0.970788
rs11030104	rs16917204	0.948513	0.976731
rs11030104	rs4922793	0.901894	0.988030
rs11030104	rs16917237	0.965515	0.982606
rs11030104	rs36070170	0.948513	0.976731
rs11030104	rs4923463	0.948513	0.976731
rs11030104	rs7103411	0.901896	0.988031
rs11030104	rs4074134	0.931249	0.970624
rs11030104	rs35051342	0.931160	0.976260
rs11030104	rs12575096	0.965515	0.982606
rs11030104	rs36029218	0.931249	0.970624
rs11030104	rs4923464	0.988543	1.000000
rs11030104	rs925947	0.948513	0.976731
rs11030104	rs10767654	0.931249	0.970624
rs11030104	rs2030323	0.901894	0.988030
rs11030104	rs4244531	0.936988	0.970788
rs11030104	rs140138951	0.942604	0.976524
rs11030104	rs7483762	0.936988	0.970788
rs11030104	rs4923457	0.931249	0.970624
rs11030104	rs12419948	0.948513	0.976731
rs11030104	rs10501087	0.948513	0.976731
rs11030104	rs11030099	0.948513	0.976731
rs11030104	rs35038967	0.965515	0.982606
rs11030104	rs11030100	0.948513	0.976731
rs11030104	rs10767664	0.901894	0.988030
rs11030104	rs1829469	0.960095	0.988335
rs11030104	rs4923458	0.936988	0.970788
rs11030104	rs879048	0.931249	0.970624
rs11030104	rs1488830	0.936875	0.976393
rs11030104	rs4923461	0.936988	0.970788
rs11030104	rs4923460	0.936988	0.970788
rs11030104	rs16917204	0.948513	0.976731
rs11030104	rs4922793	0.901894	0.988030
rs11030104	rs16917237	0.965515	0.982606
rs2049045	rs6265	0.962549	1.000000
rs10166297	rs180877006	1.000000	1.000000
rs10166297	rs10181848	1.000000	1.000000
rs10166297	rs13418491	1.000000	1.000000
